,Author,Time,URL,Favorites,Retweets,Verified,Text
0,timandsid,Tue Jan 07 18:45:58 +0000 2020,1214619199575920640,1136,94,True,"If not, what was better? 

Drop your answers below...üëá

#HockeyTwitter | #McDavid https://t.co/stDWBNkrGI"
1,daveOevans,Wed Jan 08 16:33:24 +0000 2020,1214948227755257856,0,0,False,"@timandsid Maxim Afinogenov

https://t.co/HbZ5fMpaHq"
2,artcgreen,Wed Jan 08 15:40:32 +0000 2020,1214934920969248768,0,0,False,@timandsid Pavel Bure like moves lol üòÇ
3,NOVASoMe1,Wed Jan 08 15:20:28 +0000 2020,1214929870477770753,0,0,False,@timandsid It's a basketball move on skates. Not easy to do.
4,Fox_Matthew,Wed Jan 08 14:57:47 +0000 2020,1214924164802469888,0,0,False,"@timandsid Yo, if the social media was around in the 80‚Äôs my skill goal against my foam mattress padded goalie neighbor (also 9) would blown up the internets. ¬Ø\_(„ÉÑ)_/¬Ø #justsaying"
5,Ushzilla1986,Wed Jan 08 14:54:03 +0000 2020,1214923222279499776,0,0,False,@timandsid https://t.co/prXPIqY2Dp
6,Ushzilla1986,Wed Jan 08 14:52:42 +0000 2020,1214922885011329027,0,0,False,"@timandsid No I grew up with Datsyuk, we all know he had some real beauties"
7,middlesc_72,Wed Jan 08 14:52:00 +0000 2020,1214922708418531329,0,0,False,@timandsid The Rick Middleton goal that was on the start of rock em sock em videos
8,MassF,Wed Jan 08 14:33:16 +0000 2020,1214917995706900482,0,0,False,@timandsid Remember this one? Denis Savard vs Oilers https://t.co/oLUhMBDkKF
9,giver_sliver,Wed Jan 08 14:27:41 +0000 2020,1214916589432082432,0,0,False,@timandsid Yes. Period.
10,LorneRubis,Wed Jan 08 14:25:12 +0000 2020,1214915964036243458,0,0,False,@timandsid Yes
11,TrevorMVickress,Wed Jan 08 13:19:40 +0000 2020,1214899471731109894,0,0,False,@timandsid Yes it was the best
12,chris17726216,Wed Jan 08 12:33:02 +0000 2020,1214887736496275456,0,0,False,@timandsid His between the legs against bishop last year was far better but this is nice
13,JBPVFM,Wed Jan 08 11:59:03 +0000 2020,1214879184838889473,0,0,False,@timandsid Paul Henderson
14,bshell78,Wed Jan 08 11:44:37 +0000 2020,1214875553712496640,0,0,False,@timandsid https://t.co/w89ScMQE4y
15,garyhen9,Wed Jan 08 10:30:41 +0000 2020,1214856947486396417,0,0,False,"@timandsid How about Mario‚Äôs against Minnesota?
https://t.co/eblULPfnef"
16,doktordave,Wed Jan 08 06:58:14 +0000 2020,1214803480600305664,0,0,False,"@timandsid nope.  A great move, but Marner has been more spectacular on occasion."
17,LNZ82,Wed Jan 08 06:31:29 +0000 2020,1214796749568643072,0,0,False,"@timandsid As an long life leaf fan, I will take the loss just to see that goal. Also feel bad for Riley for having to watch himself getting undressed by mcdavid for the rest of his life!"
18,red_zed24,Wed Jan 08 06:11:59 +0000 2020,1214791841469648896,0,0,False,@timandsid Why does everything always have to be the best ever? Media sucks. Love the show but this crap is annoying. Was a great play sure but come on.
19,RobertL05464438,Wed Jan 08 06:06:15 +0000 2020,1214790400541708288,0,0,False,@timandsid It‚Äôs gotta be in top 10 all time but I remember a couple guys Wayne and Mario had some beauties and throw in Dennis Savard and his magic in Chicago
20,Deniscbrl87,Wed Jan 08 05:21:45 +0000 2020,1214779199279554561,0,0,False,@timandsid https://t.co/3uVldguke0
21,lilley_5,Wed Jan 08 05:13:25 +0000 2020,1214777101481590784,0,0,False,@timandsid Gretzky slap shot breakaway just 'cause.
22,lilley_5,Wed Jan 08 05:11:32 +0000 2020,1214776627437146113,0,0,False,@timandsid Not even close.Nice though.
23,Clockworkfuse,Wed Jan 08 04:41:30 +0000 2020,1214769072665190403,0,0,False,@timandsid Not a chance. What a stupid question.
24,TerryHickman19,Wed Jan 08 04:31:51 +0000 2020,1214766643500453889,0,0,False,"@timandsid Nice goal, Federov in Detroit had a few nice goals....."
25,CardCrony,Wed Jan 08 04:26:30 +0000 2020,1214765295841116160,1,0,False,@timandsid I think so. The other one I'm thinking of is Mario on Ray Bourque. You know the one.
26,SportsRockToo,Wed Jan 08 04:24:27 +0000 2020,1214764780600250370,0,0,False,@timandsid Gretzky to Lemieux. Canada Cup. 1987.
27,jasonnyandcher,Wed Jan 08 04:21:58 +0000 2020,1214764155091091456,0,0,False,@timandsid Yes
28,jrockarolla,Wed Jan 08 04:18:29 +0000 2020,1214763279530254336,0,0,False,@timandsid That time Grimson scored with his head.
29,upfromthesea,Wed Jan 08 04:14:39 +0000 2020,1214762314114748416,0,0,False,@timandsid note much sports center cyberattack the story of the cell bug bunny duffy duck tarsands manipulated L-fields. Really bad &amp; getting arrogantly worst audio signature vacation raptors/blazers watt ever freedom of consciousness sound body &amp; mind/mine dixie chicks audiovisualsignature https://t.co/ts8Dn5RO8R
30,JudySchwindt,Wed Jan 08 03:56:20 +0000 2020,1214757705899888640,0,0,False,@timandsid Yes
31,robcotnam,Wed Jan 08 03:53:59 +0000 2020,1214757113039335424,0,0,False,"@timandsid Marek Malik's marathon shootout winner, Rangers over Caps, Nov 2005."
32,Andy37822015,Wed Jan 08 03:52:36 +0000 2020,1214756765629202437,0,0,False,@timandsid I‚Äôm a huge Oiler fan so that being said I was pretty impressed with Matthew Ktachuk‚Äôs OT winner about a month or so ago against Nashville I believe
33,shaneperran,Wed Jan 08 03:48:37 +0000 2020,1214755761882054657,0,0,False,@timandsid https://t.co/OdMACJhvga
34,KoPete13,Wed Jan 08 03:48:12 +0000 2020,1214755659520106496,0,0,False,@timandsid https://t.co/yY4Vw2JeOc
35,Pettyrock10,Wed Jan 08 03:36:54 +0000 2020,1214752814402027522,0,0,False,@timandsid I don't see one mention of Bobby Ryan evicerating a helpless David Legwand in the playoffs and I'm shocked and appaled.
36,DJohnsonn_,Wed Jan 08 03:01:52 +0000 2020,1214743996246806528,0,0,False,@timandsid This was a great goal but there‚Äôs so many more out there that‚Äôs 100x better
37,AxlWarpshaft01,Wed Jan 08 02:58:09 +0000 2020,1214743062305550336,0,0,False,@timandsid https://t.co/O5S9MtC2bg
38,bonk_76,Wed Jan 08 02:48:02 +0000 2020,1214740514559479815,0,0,False,@timandsid Dennis Savard against Oilers in the 80's
39,OuzoFC,Wed Jan 08 02:43:37 +0000 2020,1214739405493194753,0,0,False,"@timandsid Lemieux vs. the North Stars. In the Stanley Cup final to boot!

https://t.co/EV8SSOznhg"
40,myownadvisor,Wed Jan 08 02:29:11 +0000 2020,1214735773909635078,1,0,False,@timandsid Like a video game. #McNasty #McDavid @SmileandConquer
41,ronwardrop,Wed Jan 08 02:21:51 +0000 2020,1214733926964617219,0,0,False,@timandsid The best really - get over yourself
42,BoycieBoy11,Wed Jan 08 02:10:50 +0000 2020,1214731156337385472,1,0,False,@timandsid Maybe Spezza on Theodore....
43,Noleft6,Wed Jan 08 02:09:48 +0000 2020,1214730893601849344,0,0,False,@timandsid As pretty as any goal I have seen..
44,BoycieBoy11,Wed Jan 08 02:08:43 +0000 2020,1214730621890809857,0,0,False,@timandsid Yup
45,Guinastasia,Wed Jan 08 02:05:23 +0000 2020,1214729781364871168,0,0,False,@timandsid https://t.co/sv2GqAabn5
46,rpiller87,Wed Jan 08 01:59:19 +0000 2020,1214728257611821057,0,0,False,@timandsid That‚Äôs a sweet cross over did he break his ankles that‚Äôs a basketball üèÄ move usually
47,HayDaveMan,Wed Jan 08 01:58:16 +0000 2020,1214727992615661568,0,0,False,@timandsid Probably not even mcdavid best skill goal lol
48,galpin99,Wed Jan 08 01:53:34 +0000 2020,1214726809494773760,0,0,False,@timandsid Mario vs the Nordiques! Was hooked countless times.
49,matt_me501,Wed Jan 08 01:50:18 +0000 2020,1214725986622689280,0,0,False,@timandsid https://t.co/GhhMGQAvZh
50,richardhsu,Wed Jan 08 01:40:49 +0000 2020,1214723601812905989,0,0,False,@timandsid 97 had front row seat to this one https://t.co/YNyrqKGWdF
51,SheldonAWiebe,Wed Jan 08 01:30:21 +0000 2020,1214720964841226240,0,0,False,@timandsid Paul Henderson's Super Series-winning goal in 1972. (But that's just me.)
52,S6371484309,Wed Jan 08 01:30:04 +0000 2020,1214720893148172288,0,0,False,"@timandsid Nope, LOL not even close. You guys guys are CMD hood riders pork and cheese"
53,johnzervas,Wed Jan 08 01:09:36 +0000 2020,1214715742630928387,0,0,False,@timandsid are tim and sid new to hockey??
54,PityTheFoolFit,Wed Jan 08 01:02:10 +0000 2020,1214713872294109184,0,0,False,@timandsid https://t.co/yoyUZqUwHu
55,aidanbarron08z,Wed Jan 08 00:54:59 +0000 2020,1214712066264711170,1,0,False,@timandsid Um let me think. No wtf
56,ditchdiggers2,Wed Jan 08 00:50:58 +0000 2020,1214711055177248768,0,0,False,@timandsid Dear social media...everything is the best ever until tomorrow.
57,AlbaPgill17,Wed Jan 08 00:48:26 +0000 2020,1214710417014038528,0,0,False,@timandsid No it wasn't and with McDavid's big ego on full display he has no class. Needs to grow up. Marner much better player than he ever will be.
58,Rockin3456,Wed Jan 08 00:47:04 +0000 2020,1214710075308167168,0,0,False,@timandsid Has anyone ever questioned the mans talented stick handling determination I think not the greatest well ????.
59,toukka69,Wed Jan 08 00:32:57 +0000 2020,1214706521877237762,0,0,False,@timandsid YES
60,Burnsie_2,Wed Jan 08 00:21:24 +0000 2020,1214703615589244928,0,0,False,@timandsid @colemanfire12 Skilled Goal Or Less Skilled D-Man?#PlayTheBody
61,Tkap84,Wed Jan 08 00:21:17 +0000 2020,1214703587290300416,1,0,False,@timandsid Sidney Crosby undressing Ryan Strome last year.
62,buckaround,Wed Jan 08 00:17:56 +0000 2020,1214702743434100736,0,0,False,@timandsid Spezza V Souray / Mario splitting the Northstars D or Jagr vs Chicago early 90‚Äôs off the top of my head.   But this is one of the best uses of SPEED I can recall.  Really good teaching point for my Atom team.   #WheelsEqualWins
63,MattyPlum13,Wed Jan 08 00:17:24 +0000 2020,1214702609426042881,0,0,False,@timandsid It sure was filthy AF I can say that
64,RickH53032949,Wed Jan 08 00:12:12 +0000 2020,1214701297578004480,0,0,False,@timandsid No
65,butchox66,Wed Jan 08 00:12:08 +0000 2020,1214701281178054656,0,0,False,@timandsid Not even the best goal he has scored
66,hubbs31,Wed Jan 08 00:11:56 +0000 2020,1214701233996476416,0,0,False,@timandsid @bwatson14 @Stewey27 yes it was!!!
67,Jays_Fan32,Wed Jan 08 00:11:31 +0000 2020,1214701126978854912,0,0,False,@timandsid Nasty #newmarketsfinest
68,mrE1977,Wed Jan 08 00:10:18 +0000 2020,1214700821293785094,0,0,False,@timandsid Yzerman vs phily  https://t.co/VWmzokeccf
69,smmort,Tue Jan 07 23:54:45 +0000 2020,1214696906837962752,2,0,False,"@timandsid This goal, going end to end, by my defence man son, is pretty sweet!! @AMorty96 https://t.co/RiGoEWk7DZ"
70,BruceGi,Tue Jan 07 23:53:40 +0000 2020,1214696635986518026,0,0,False,@timandsid Not even close
71,SVanderWade,Tue Jan 07 23:52:05 +0000 2020,1214696235552137217,0,0,False,@timandsid Yes it was. :-)
72,gtp_58,Tue Jan 07 23:50:11 +0000 2020,1214695758764662792,0,0,False,@timandsid McDavid is a horse. Wow! Exciting player to watch.
73,nboisvert,Tue Jan 07 23:49:43 +0000 2020,1214695639302492160,0,0,False,"@timandsid No. One of the most intelligent Deke ever though. McDavid didn't burn Rielly by speed, he did it by perfectly synchronizing this acceleration with Rielly crossing his feet. Clever."
74,DavidWayneRuss1,Tue Jan 07 23:44:14 +0000 2020,1214694263449178112,0,0,False,@timandsid Damn!!
75,pindaricus,Tue Jan 07 23:41:19 +0000 2020,1214693528418365440,0,0,False,@timandsid Tavares' final goal against Slovakia at the World Juniors was something: https://t.co/aS2HM8AT7n
76,raymar97,Tue Jan 07 23:41:01 +0000 2020,1214693452060839936,0,0,False,@timandsid Not down playing this goals its sick.  But Pavel Bure and Mario Lemieux have a few goals each that could match this goal.
77,Foxey87,Tue Jan 07 23:40:03 +0000 2020,1214693208724258817,0,0,False,@timandsid https://t.co/gOL2RA1JRB
78,Owen_Webb,Tue Jan 07 23:39:35 +0000 2020,1214693090755252231,2,0,False,"@timandsid Lemieux vs North Stars

https://t.co/MDwhqlaMRJ"
79,Owen_Webb,Tue Jan 07 23:38:27 +0000 2020,1214692806675062786,5,0,False,"@timandsid Lemieux on (in) Bourque 

https://t.co/tDHr8ucdZF"
80,Foxey87,Tue Jan 07 23:37:19 +0000 2020,1214692519411429376,0,0,False,@timandsid https://t.co/O64OoNBU5b
81,mikedun94417951,Tue Jan 07 23:34:24 +0000 2020,1214691786016329730,0,0,False,@timandsid Nice goal but not even close to the best.
82,Iampapayam,Tue Jan 07 23:32:58 +0000 2020,1214691425700515840,0,0,False,@timandsid Morgan Reilly looks like he was nappin....just sayin
83,mike5678908,Tue Jan 07 23:28:36 +0000 2020,1214690327996571656,0,0,False,@timandsid What about Marek Malik ?
84,smoothmedia,Tue Jan 07 23:22:12 +0000 2020,1214688716595183616,0,0,False,"@timandsid I think Ovi's 2006 is the #GOAT.
This McDavid goal might be top 10, it's similar to this Bure goal.
https://t.co/7XtYA9tBtM"
85,AMnotsu,Tue Jan 07 23:18:11 +0000 2020,1214687704484646912,1,0,False,@timandsid Gilmour's wrap around OT winner vs the Blues during the 1993 playoffs. @realguido @Steve_Dangle @MapleLeafs @AM34 @SheldonKeefe @Marner93 @DougGilmour93 #toronto #leafsforever #game7 #OTwinner
86,MatttdaSilvaa,Tue Jan 07 23:15:56 +0000 2020,1214687140132601856,0,0,False,@timandsid Why is everyone going nuts over this. Hes the best in the world and  beat Morgan 1v1 to score a pretty sick goal. He has scored at least 10 better goals this year.
87,ljzIII,Tue Jan 07 23:13:59 +0000 2020,1214686647658405893,0,0,False,@timandsid No words.
88,HABSROCK09,Tue Jan 07 23:08:08 +0000 2020,1214685178041384960,0,0,False,@timandsid The goal was nice.. but come on this is far from even the nicest goal he has ever scored.. lone the best ever
89,introll_net,Tue Jan 07 23:06:29 +0000 2020,1214684759554584578,0,0,False,"@timandsid What‚Äôs better is that McDavids comments about liking to leave Toronto.
Signed,
Oiler fan"
90,ted57504935,Tue Jan 07 23:06:10 +0000 2020,1214684682782154752,0,0,False,"@timandsid LOL , this goal was good but doesn‚Äôt even rank top 100 , so many great goals ahead of it, why even make this a thing?"
91,stemahovolowski,Tue Jan 07 23:02:30 +0000 2020,1214683757116084224,0,0,False,@timandsid Pete Mahovolich deking out Tretiak at MLG in the 72 series.
92,Bigal18894109,Tue Jan 07 23:01:05 +0000 2020,1214683400608636929,0,0,False,@timandsid The best goal of all time was Rick Nash in 2008 against the coyotes when he toe dragged two defencman and then the goalie
93,KlochkoLarry,Tue Jan 07 22:59:56 +0000 2020,1214683111654592512,0,0,False,@timandsid Oh come on now . How many times do we need to see this goal . It‚Äôs NFL playoffs talk about something else. STOP üõë showing this replay
94,mleal44,Tue Jan 07 22:59:00 +0000 2020,1214682877335617536,0,0,False,@timandsid Lemuiex vs stars Stanley Cup Finals
95,JRSavard1,Tue Jan 07 22:56:16 +0000 2020,1214682188639358983,0,0,False,@timandsid Don't know if it was better but Pete Mahovlich's short handed goal in game 2 of the 72 series was pretty good.
96,mulletsnmuleys,Tue Jan 07 22:54:07 +0000 2020,1214681649922920451,0,0,False,@timandsid Sid Crosby one handed goal against the Sabres in 2017
97,ThomasArens1,Tue Jan 07 22:53:50 +0000 2020,1214681576849780736,0,0,False,@timandsid McDavid's goal was better than any check the Leafs didn't throw in the game.
98,LeslieLwleslie,Tue Jan 07 22:52:49 +0000 2020,1214681320523091969,0,0,False,@timandsid Better then your mama !#timandSid
99,Nascar13,Tue Jan 07 22:52:28 +0000 2020,1214681231922737154,0,0,False,@timandsid In gonna go with Crosby‚Äôs overtime goal that was just ridiculous
100,iamSCHEPScdn,Tue Jan 07 22:48:34 +0000 2020,1214680250363367425,0,0,False,@timandsid The magician was enjoyable to watch on a nightly basis. He made a play every night that left you scratching your head. #Datsyuk
101,AlexanderSTudo2,Tue Jan 07 22:47:31 +0000 2020,1214679987216945152,0,0,False,@timandsid Bobby Orrs flying through the air goal..dudes
102,optimaxbenefits,Tue Jan 07 22:45:45 +0000 2020,1214679541668466688,0,0,False,@timandsid Great play by one of the @EdmontonOilers
103,CratesOfFrates,Tue Jan 07 22:44:18 +0000 2020,1214679177032544258,0,0,False,@timandsid https://t.co/3vSb3c7yoA
104,Jason2948,Tue Jan 07 22:44:14 +0000 2020,1214679162977423365,0,0,False,@timandsid Ovie‚Äôs goal in ‚Äò06 is my pick for best skill goal ever.  Nobody will ever do that again. No matter how many attempts they get. #TimandSid
105,BruinsFanTalk,Tue Jan 07 22:43:02 +0000 2020,1214678860245147656,0,0,False,"@timandsid 1. Ovechkin falling goal vs Phoenix 
2. Rick Nash toe drags vs Phoenix 
3. Mcdavids goal vs Toronto

Honorable mentions: Crosby 1 hander vs Buffalo, Tarasenko Forsberg move vs NYR"
106,Frankeeee10,Tue Jan 07 22:42:12 +0000 2020,1214678649208598528,0,0,False,@timandsid https://t.co/jt8GaHFtoW
107,shanecanuck,Tue Jan 07 22:41:57 +0000 2020,1214678587694968832,0,0,False,@timandsid No
108,todd45689566,Tue Jan 07 22:41:36 +0000 2020,1214678500625412096,0,0,False,@timandsid no
109,Notime25,Tue Jan 07 22:39:07 +0000 2020,1214677876076949507,0,0,False,"@timandsid https://t.co/QBo3Jy6U5Q

Pavel Datsyuk"
110,Mattyj87Matt,Tue Jan 07 22:38:00 +0000 2020,1214677592051265542,0,0,False,@timandsid Bure had one in 94 against the devils that was a beauty
111,muirskijetguy,Tue Jan 07 22:36:38 +0000 2020,1214677248361586688,0,0,False,"@timandsid Also, KFC delivers to a NHL arena near youüòÅüëç"
112,Mattyj87Matt,Tue Jan 07 22:36:11 +0000 2020,1214677133970280449,0,0,False,@timandsid Bure had a couple that come to mind
113,NWTPapaBear,Tue Jan 07 22:35:54 +0000 2020,1214677064848171014,0,0,False,@timandsid Saw many Gretzky and Lemieux goals that arguably would vie for the title. Pretty sure there will be support for some Bobby Orr goals too.  And then you have Ovechkin and that falling down goal of his. McD's goal was great and right up there though.
114,muirskijetguy,Tue Jan 07 22:35:40 +0000 2020,1214677004211101696,0,0,False,"@timandsid Not in an argumentative mood, but this guy is building a very lengthy high light reel. #KyleFreak'nConner https://t.co/gc8j9Q8L7X"
115,skates89us,Tue Jan 07 22:33:13 +0000 2020,1214676388197883905,0,0,False,"@timandsid This is the most skilled goal I have seen to so far amongst so many..Kane has some sick ones and datsyuk also

https://t.co/ioqjdxd01j"
116,bugman2847,Tue Jan 07 22:32:00 +0000 2020,1214676082147954689,0,0,False,@timandsid Eberles goal has more skill. #timandsidlovewaffles
117,Greg63633342,Tue Jan 07 22:30:20 +0000 2020,1214675664797872128,0,0,False,@timandsid Pure skill. Ovi was talent and luck. But what Mcdavid did was beyond anything anyone has ever seen. Morgan Reilly is still  spinning in circles.
118,sully1076,Tue Jan 07 22:28:48 +0000 2020,1214675277470740487,0,0,False,"@timandsid Rick Nash team Canada-guy draped all over him. Nash vs Coyotes. 
#bestskilledgoal candidates?"
119,thedoubleL,Tue Jan 07 22:28:44 +0000 2020,1214675259737202688,3,0,False,@timandsid https://t.co/xPhdm6hnwJ
120,bucro2000,Tue Jan 07 22:28:40 +0000 2020,1214675243731578880,0,0,False,@timandsid Peter Mahovlich in 72 I think it was a shorthanded goal in game 2. Spectacular.
121,Floydjan6,Tue Jan 07 22:28:15 +0000 2020,1214675139536785408,0,0,False,@timandsid Lemieux against North Stars
122,OilersJohn,Tue Jan 07 22:28:13 +0000 2020,1214675131714301952,2,0,False,@timandsid Only the Ovechkin falling down goal was better.
123,jameslutz6,Tue Jan 07 22:28:07 +0000 2020,1214675105302880257,0,0,False,@timandsid R.kelly peeing on kids https://t.co/ZvdVr98mkM
124,Masri_Belal_,Tue Jan 07 22:28:04 +0000 2020,1214675092820676610,0,0,False,"@timandsid Bobby Ryan against David legwand was oh so filthy
https://t.co/cOujXo4uCo"
125,captaincanuck84,Tue Jan 07 22:27:12 +0000 2020,1214674873739550722,0,0,False,"@timandsid If this move was use against Scott Stevens back in the day...McDavid would have been flatten!! Good move, but not the best!"
126,BrettSm63392990,Tue Jan 07 22:27:03 +0000 2020,1214674839169953792,0,0,False,@timandsid No.
127,neutralzonebr,Tue Jan 07 22:26:45 +0000 2020,1214674764008218625,0,0,False,@timandsid The 2020 world junior hockey championships
128,MIKEYshortsN,Tue Jan 07 22:26:36 +0000 2020,1214674723683987457,0,0,False,@timandsid Jordan eberle‚Äôs first career goal against the flames was a beauty
129,Humps_9,Tue Jan 07 22:26:35 +0000 2020,1214674720232103936,5,0,False,@timandsid Personally I LOVE this Bobby Ryan goal... https://t.co/epoppgJgct
130,donleacockinTO,Tue Jan 07 22:25:51 +0000 2020,1214674533833232385,0,0,False,@timandsid Owen Nolan calling top corner in the all-star game.
131,on_chad,Tue Jan 07 22:25:21 +0000 2020,1214674408188583941,0,0,False,@timandsid Nope! Datsyuk‚Äôs
132,Shady_Canuck,Tue Jan 07 22:24:49 +0000 2020,1214674277326376961,0,0,False,@timandsid 99% of Patrick Kane‚Äôs goals
133,bugman2847,Tue Jan 07 22:24:28 +0000 2020,1214674187379511296,0,0,False,@timandsid Bobby put his head down cause he felt bad he just embarassed the Flames. Quote Don Cherry. #rockemsockem1timandsid
134,FreddySGoodman,Tue Jan 07 22:24:27 +0000 2020,1214674181650046976,0,0,False,"@timandsid For modern era, Ovechkin falling and scoring rolling on his back is up there. While only an assist, the effort by Crosby vs Spezza that led to the goal should count and is one of my favourite goal sequences - https://t.co/NNG46Fhixr"
135,JeyCubz,Tue Jan 07 22:23:10 +0000 2020,1214673859061993475,0,0,False,@timandsid Ovechkin goal or afinogenov goal
136,Oilerule,Tue Jan 07 22:22:54 +0000 2020,1214673791755980801,0,0,False,"@timandsid Fck No, Gretzky probably had 50 like that! #LetsGoOilers"
137,nramnarace,Tue Jan 07 22:22:20 +0000 2020,1214673648503738369,0,0,False,@timandsid Pavel Datsyuk on Marty Turco
138,TheChamp1973,Tue Jan 07 22:22:05 +0000 2020,1214673587908599812,1,0,False,@timandsid Ovechkin from is back
139,theshawnsimmons,Tue Jan 07 22:21:57 +0000 2020,1214673555348168704,0,0,False,"@timandsid The Lacrosse goal should not even count you literally pick the puck up and throw it in the net, are players going to now be allowed to carry the puck lacrosse style through the zone?"
140,mitchywoo,Tue Jan 07 22:21:23 +0000 2020,1214673412590723072,0,0,False,@timandsid It‚Äôs definitely up there. The way he fools Reilly in to thinking he‚Äôs simply waiting for backup and then immediately changes gears from 0-60 in half a second is insane. Than to put a bow on it he roofs it top cheddar and takes the goalies jock as a souvenir
141,theshawnsimmons,Tue Jan 07 22:19:54 +0000 2020,1214673039830466561,0,0,False,@timandsid https://t.co/ItucMJMTZ9 this is pretty good
142,BigdtdotBurek,Tue Jan 07 22:19:20 +0000 2020,1214672895420579840,0,0,False,"@timandsid I‚Äôve watched him play live. I‚Äôve been to many NHL games. I tell you this, he doesn‚Äôt skate, he jumps like a gazelle on the ice. Never have I seen someone skate like him. He footwork is crazy."
143,joekool59,Tue Jan 07 22:19:17 +0000 2020,1214672884716707841,0,0,False,"@timandsid This goal will be the downfall of Morgan Reilly. The more you show McDavids goal, the more Reilly will be roasted."
144,Kevgren1,Tue Jan 07 22:17:44 +0000 2020,1214672492809244673,0,0,False,@timandsid Bobby Orr ragged the puck for an entire penalty kill.  I have never seen anyone else do that.
145,theshawnsimmons,Tue Jan 07 22:14:57 +0000 2020,1214671793962831878,0,0,False,@timandsid I can't remember one at the moment
146,JakeTrennum705,Tue Jan 07 22:13:27 +0000 2020,1214671415473057798,0,0,False,@timandsid There are probably 10 other McDavid goals better than this one. The only reason everyone had a raging boner is because it was against the leafs.
147,matjmcc28,Tue Jan 07 22:12:58 +0000 2020,1214671292751917058,0,0,False,@timandsid You guys obviously want McDavid to shag you. Stop embarrassing yourselves Tim and Sid cos he isn‚Äôt going too.
148,Cliffriders1,Tue Jan 07 22:11:29 +0000 2020,1214670918254907392,0,0,False,"@timandsid These are douchey goals

https://t.co/2ULWdbxseE"
149,rickydee82,Tue Jan 07 22:11:08 +0000 2020,1214670831105855488,0,0,False,"@timandsid This goal was better, done against hall of famer Ray Bourque, btw it's awesome how we are talking about goal of the season in a year when we had 2!!! Lacrosse goals courtesy of Svechnikov
 https://t.co/f8MIM6u7d1"
150,sherryrobillar2,Tue Jan 07 22:10:21 +0000 2020,1214670636351512581,0,0,False,@timandsid It‚Äôs up there with Crosby‚Äôs gold medal goal and every goal at the juniors this year!!!!! üá®üá¶üá®üá¶üá®üá¶üá®üá¶
151,Admelein,Tue Jan 07 22:08:05 +0000 2020,1214670065775206401,0,0,False,"@timandsid https://t.co/mSfMJobRUZ

Alex Burrows 2011 OT goal against the Blackhawks in Game 7"
152,iraca,Tue Jan 07 22:07:23 +0000 2020,1214669886305247232,0,0,False,@timandsid Lafleur too many men goal just because of the circumstances.
153,13bonney13,Tue Jan 07 22:07:10 +0000 2020,1214669831758323713,0,0,False,@timandsid Yes
154,TheBoy80554900,Tue Jan 07 22:06:10 +0000 2020,1214669580125298692,0,0,False,@timandsid Datsyuk shootout goal.
155,socalleafsfan,Tue Jan 07 22:03:48 +0000 2020,1214668984420913157,0,0,False,"@timandsid Ovi on his back I still can‚Äôt believe he did, and I think Gretzky‚Äôs reaction to it makes it the best"
156,JacquesThibad,Tue Jan 07 22:03:35 +0000 2020,1214668932315058182,0,0,False,@timandsid Nothing
157,ViBrKo2,Tue Jan 07 22:03:18 +0000 2020,1214668861359833088,1,0,False,"@timandsid None, Crosby's done sooo many more goals with better skills"
158,southsidegasltd,Tue Jan 07 22:02:12 +0000 2020,1214668585177509889,0,0,False,@timandsid Nope
159,allhockey96,Tue Jan 07 21:58:13 +0000 2020,1214667580482433024,0,0,False,@timandsid Well there are about 500 better to be quite honest with you and I don‚Äôt have the time to go through them to pick the best. That‚Äôs what you guys are for.
160,AndyEvans10,Tue Jan 07 21:57:51 +0000 2020,1214667490342649857,0,0,False,@timandsid Mario Lemieux handing Ray Bourque his jock strap in the ‚Äò92 Conference final. https://t.co/HxBJ3bSEKU
161,BeckfordRexton,Tue Jan 07 21:54:53 +0000 2020,1214666741206454275,0,0,False,"@timandsid Wow.  Just Wow

I will say it again if that is the new NHL I am all in"
162,NickBo2785,Tue Jan 07 21:53:28 +0000 2020,1214666387278295040,0,0,False,@timandsid More like the worst defence you‚Äôve ever seen
163,Chyup2,Tue Jan 07 21:52:06 +0000 2020,1214666040405311500,0,0,False,@timandsid https://t.co/lEEXsP3ykT
164,_TyJoseph,Tue Jan 07 21:50:47 +0000 2020,1214665710049214467,0,0,False,@timandsid How about this bad boy? https://t.co/nryknlSKiK
165,dale_t_smith316,Tue Jan 07 21:47:48 +0000 2020,1214664959499603968,0,0,False,@timandsid Jason Spezza when he was with @Senators against @CanadiensMTL
166,m109smitsy,Tue Jan 07 21:46:13 +0000 2020,1214664560235499522,0,0,False,"@timandsid No, Crosby‚Äôs goal in Buffalo vs Sabres!"
167,niceguyhaigh,Tue Jan 07 21:44:23 +0000 2020,1214664100686553094,0,0,False,@timandsid Without a single doubt.
168,MeanMrGene,Tue Jan 07 21:44:13 +0000 2020,1214664057644552192,0,0,False,@timandsid Matthews ‚Äúno look‚Äù spin-o-Rama pass to Marner ..... for one.
169,DebTorok,Tue Jan 07 21:44:02 +0000 2020,1214664010123100160,0,0,False,"@timandsid Love him, but no."
170,Bowman27,Tue Jan 07 21:43:03 +0000 2020,1214663763506475009,0,0,False,@timandsid Toews against Colorado (might have been his rookie year) was a beauty
171,_TyJoseph,Tue Jan 07 21:42:04 +0000 2020,1214663518684712960,0,0,False,"@timandsid Saw this live, jaw dropped, stunned into silence https://t.co/6myXidkj4Z"
172,WRooks16,Tue Jan 07 21:39:18 +0000 2020,1214662822707089408,0,0,False,@timandsid Not even close!
173,chabby14,Tue Jan 07 21:38:56 +0000 2020,1214662728700194816,0,0,False,@timandsid Better than a Kawasaki bush party
174,ChmelykRod,Tue Jan 07 21:38:35 +0000 2020,1214662641458638848,0,0,False,@timandsid Top 5 goal all time
175,kylemcdougal3,Tue Jan 07 21:25:44 +0000 2020,1214659406119477249,2,0,False,@timandsid Absolutely not. What‚Äôs wrong with people just because a one great goal gets scored all of a sudden it could be the greatest ever? Like please. There are tons better than this. There‚Äôs a few mcdavid has scored in the nhl that are better!
176,LanceMarner,Tue Jan 07 21:25:07 +0000 2020,1214659249793650688,0,0,False,@timandsid Jason Spezza vs Montreal while he was with Ottawa
177,OilerArmchairGM,Tue Jan 07 21:24:40 +0000 2020,1214659140368445443,4,0,False,@timandsid this isn't even close to the best ever lol.  not even mcdavids best
178,Just_Joshin_08,Tue Jan 07 21:24:38 +0000 2020,1214659130503266304,0,0,False,"@timandsid https://t.co/YYcEuTlFJB This goal, and keep in mind it's his first game back after missing 40+ games."
179,BehicAzmi,Tue Jan 07 21:22:45 +0000 2020,1214658655758553089,0,0,False,@timandsid You are joking right? It was an alright move nothing too special.. Special is an @ovi8 falling behind the back lacrosse goal.. that‚Äôs the best goal you will ever see üëÄ
180,OverlayDFShelp,Tue Jan 07 21:21:33 +0000 2020,1214658352036372481,1,1,False,"@timandsid goal reminds me of power moves from other sports like when guys push the basketball ahead and catchup to it , or a scoopturn in soccer or even like a stiff arm/ hurdle, but somehow mcjesus brought it to the NHL fake n go"
181,SSPR78,Tue Jan 07 21:19:21 +0000 2020,1214657799290003456,0,0,False,@timandsid Beauty!
182,churchyvcdc5,Tue Jan 07 21:19:10 +0000 2020,1214657753802821633,0,0,False,@timandsid Not all great goals were by superstars. Another one scored on A move made on Ray Bourque https://t.co/Zys60FEFI1
183,daryistotle,Tue Jan 07 21:18:57 +0000 2020,1214657700400902147,0,0,False,@timandsid Toast
184,ajleomusic,Tue Jan 07 21:18:45 +0000 2020,1214657650421485568,0,0,False,@timandsid Definitely the best fake on a d man I‚Äôve seen.
185,mb_storey,Tue Jan 07 21:18:31 +0000 2020,1214657589990039558,0,0,False,@timandsid Tavares '17-'18 vs Blues.
186,churchyvcdc5,Tue Jan 07 21:15:05 +0000 2020,1214656726546419713,1,0,False,@timandsid Mario on Ray Bourque was pretty special.
187,BigDuke78,Tue Jan 07 21:14:47 +0000 2020,1214656649895395328,0,0,False,@timandsid Hoglander‚Äôs Michigan Zoro goal at World Juniors this year was insane!!
188,LeonardWolfe7,Tue Jan 07 21:13:17 +0000 2020,1214656272089276416,0,0,False,@timandsid One of the best
189,PeterFalcone57,Tue Jan 07 21:11:32 +0000 2020,1214655835156045824,0,0,False,@timandsid You Tube Denis Savard goals.ü§î
190,big_chef_steele,Tue Jan 07 21:09:19 +0000 2020,1214655276239876096,0,0,False,"@timandsid This is a nice goal, but it's a 6 out of 10 at best. Rick Nash 2008 vs the Coyotes was far better. The Crosby 1 handler vs Buffalo is better too. #timandsid"
191,mgrewal94,Tue Jan 07 21:08:10 +0000 2020,1214654984945455104,0,0,False,"@timandsid ""Rick Nash how do you do"""
192,WaylonMcGill1,Tue Jan 07 21:04:23 +0000 2020,1214654032716926977,0,0,False,@timandsid Steals your  pocket change in a British phone booth dials up Mario Lemieux  between the Ray Bourque legs collect and emails the charges.
193,_StuntMan12_,Tue Jan 07 21:03:47 +0000 2020,1214653881654759425,1,0,False,@timandsid @skates89us yes best skill guy the game has ever seen right lol.
194,AlStilly19,Tue Jan 07 21:03:32 +0000 2020,1214653819755335681,0,0,False,@timandsid He sold that lock stock and barrel! What a move nice......
195,jeremy_weller,Tue Jan 07 21:02:00 +0000 2020,1214653433300434944,0,0,False,@timandsid It‚Äôs not even top 10
196,JeremyPyatt,Tue Jan 07 21:00:24 +0000 2020,1214653031586947073,0,0,False,"@timandsid I remember Rick Nash completely undressing two defenders and the goalie once. Can‚Äôt remember who they were playing. Maybe Arizona?
Anywho, that was a beauty."
197,ButlerK2083,Tue Jan 07 20:58:20 +0000 2020,1214652512000720896,0,0,False,"@timandsid Jan 16 2006
20 year old Ovechkin https://t.co/BAwRGSMKAA"
198,VANcanucks92,Tue Jan 07 20:58:02 +0000 2020,1214652437404930048,0,0,False,@timandsid Bure making LIDSTROM look like a fool https://t.co/h08bXxATKM
199,fried_blowney,Tue Jan 07 20:57:02 +0000 2020,1214652184547254273,1,0,False,@timandsid Bobby Orr coast to coast
200,nicholson0823,Tue Jan 07 20:56:43 +0000 2020,1214652105098584064,0,0,False,@timandsid Still like Ovi‚Äôs on his back reverse goal as best
201,SnoopMinnis,Tue Jan 07 20:56:04 +0000 2020,1214651941814325248,0,0,False,"@timandsid Jagr against the Blackhawks in 92 Stanley Cup finals displays power,balance,stick handling, vision, and a nice backhand."
202,moose_0721,Tue Jan 07 20:55:36 +0000 2020,1214651824050864128,0,0,False,@timandsid Without a doubt. There's 5 or so moves inside this single piece of magic.
203,GLrebirth,Tue Jan 07 20:54:36 +0000 2020,1214651571591618561,0,0,False,@timandsid Watch Mario Lemieux highlights
204,MegOnZ92,Tue Jan 07 20:53:32 +0000 2020,1214651303659524098,0,0,False,"@timandsid @jeffdegan It's a beaut, Clark"
205,JasonRo88409625,Tue Jan 07 20:52:29 +0000 2020,1214651039321935872,0,0,False,@timandsid the Matthews goal same time last week
206,stevecorgy,Tue Jan 07 20:51:14 +0000 2020,1214650722635014146,0,0,False,@timandsid Yes. The difference on this goal is that Connor does things that no one else can do.
207,yourbigfan3006,Tue Jan 07 20:50:32 +0000 2020,1214650549921910784,0,0,False,@timandsid No
208,Joelski91,Tue Jan 07 20:47:52 +0000 2020,1214649877218709506,0,0,False,@timandsid Not even close bud
209,CheesyLeaf89,Tue Jan 07 20:45:51 +0000 2020,1214649368948527104,0,0,False,"@timandsid @tim_micallef let‚Äôs show the kids some beauties - Jagr scores on his side from the late 90s

https://t.co/ODE2PWLOTw"
210,sims_jw,Tue Jan 07 20:45:48 +0000 2020,1214649355975712769,0,0,False,@timandsid https://t.co/IqK9Sf55ps
211,SmileyYYC,Tue Jan 07 20:45:26 +0000 2020,1214649265022091264,2,0,False,@timandsid https://t.co/8SvtBP2OVn
212,jarrettreckse,Tue Jan 07 20:44:54 +0000 2020,1214649129411985408,0,0,False,@timandsid https://t.co/HBQt2Nhf7j
213,PoffAlex,Tue Jan 07 20:43:41 +0000 2020,1214648823299088385,1,0,False,@timandsid This was great but all you gotta do is search YouTube for the name  Bobby Orr and you're gonna be impressed!
214,KeriLKettle,Tue Jan 07 20:43:17 +0000 2020,1214648722690211840,8,0,False,"@timandsid Mario Lemieux faking the shot and letting the puck slide through his legs to Paul Kariya in the Gold Medal Game of the 2002 Olympics.
Biggest stage and he makes a play that nobody has seen before or since."
215,JusCuzUCan,Tue Jan 07 20:36:35 +0000 2020,1214647039193055232,0,0,False,@timandsid That Spezza/Souray goal from way back.
216,coreyrees91,Tue Jan 07 20:35:40 +0000 2020,1214646808527409154,0,0,False,"@timandsid Really?? üòÇüòÇüòÇ and this isn‚Äôt because I‚Äôm a leafs fan but is that a serious question? It was a nice goal but really? Even saw someone talk about howbit was a beautiful display of stick handling, meanwhile anyone who‚Äôs ever played knows that was 90% skating and edge work"
217,TylerKowalski1,Tue Jan 07 20:34:04 +0000 2020,1214646403714039810,0,0,False,@timandsid Poor Rielly got victimized!! https://t.co/116zG1qe6e
218,MikeDov82997539,Tue Jan 07 20:33:53 +0000 2020,1214646360324001792,0,0,False,@timandsid He made a decent defensemen look like a fool. One flick of Reilly's stick and the play wouldn't have even happened. I say it's more of a bad play by Reilly than a great play by McDavid
219,DorianWasacase,Tue Jan 07 20:33:05 +0000 2020,1214646155482558464,0,0,False,@timandsid Sidney Crosby one hand top shelf against Buffalo
220,wittman98,Tue Jan 07 20:30:41 +0000 2020,1214645551901360133,0,0,False,"@timandsid This is the best.  McDavid probably has half of the top 10 ever scored.
As for Rielly, look at the bright side, he's on a highlight reel forever now"
221,GKouls,Tue Jan 07 20:30:01 +0000 2020,1214645383537803264,0,0,False,@timandsid Rick Nash goal vs Coyotes 2008
222,robscott44,Tue Jan 07 20:27:20 +0000 2020,1214644709714485252,0,0,False,@timandsid I thought Laine‚Äôs goal a couple of weeks back was better
223,chron_ike,Tue Jan 07 20:26:15 +0000 2020,1214644435302146054,0,0,False,@timandsid No
224,Z3_Family,Tue Jan 07 20:25:31 +0000 2020,1214644254762364929,0,0,False,@timandsid No! It is nice goal but let‚Äôs relax.
225,Chrispineapple2,Tue Jan 07 20:24:02 +0000 2020,1214643880802557953,0,0,False,@timandsid Only thing that would top that is the @timandsid show getting canceled
226,darrennjames89,Tue Jan 07 20:22:32 +0000 2020,1214643503587897345,0,0,False,"@timandsid Yes.  That is beyond anything you can teach, pure natural skill that is only seen by the very select few.  That‚Äôs the stuff of legends."
227,Mr_JJT,Tue Jan 07 20:21:24 +0000 2020,1214643218077245440,0,0,False,"@timandsid Can't find the video, but Gretzky undressing every player in the D zone before scoring.  A few more from him before the next group.  Then Coffey going end to end with 3 strides."
228,mjleafs,Tue Jan 07 20:20:04 +0000 2020,1214642879701954561,0,0,False,@timandsid Make or relax or Tim making something out of nothing 5 people are out to lunch the rest understand it‚Äôs an amazing goal relax
229,thebause11,Tue Jan 07 20:19:15 +0000 2020,1214642676441567233,0,0,False,@timandsid He went around a pylon and scored on a goalie who shouldn't even be in the league
230,G_Semerdjian,Tue Jan 07 20:18:09 +0000 2020,1214642398455881734,2,0,False,@timandsid This is better! ‚¨áÔ∏è https://t.co/0RdgDVZVHn
231,JoelSavvi,Tue Jan 07 20:17:32 +0000 2020,1214642242557640704,3,0,False,"@timandsid The between the legs goal with no room on Dallas last year was by far his most skilled goal. This was still beautiful, but wasnt as high of a skill play, as it more of a fake out move."
232,djbowie,Tue Jan 07 20:16:48 +0000 2020,1214642058637533184,1,0,False,@timandsid you can never go wrong with an Yzerman goal  https://t.co/9BwyFWndC0
233,bigvyod,Tue Jan 07 20:16:17 +0000 2020,1214641930501382144,5,0,False,"@timandsid Tkachuk's between the legs goal.... much to do with situation and time left on clock combined with sick skills.
https://t.co/JyiB0Wrveb"
234,G_Semerdjian,Tue Jan 07 20:16:07 +0000 2020,1214641885203062785,1,0,False,@timandsid https://t.co/9pSp9VlUrJ
235,joelvanderlee,Tue Jan 07 20:15:44 +0000 2020,1214641790772490245,0,0,False,@timandsid No
236,willynylly,Tue Jan 07 20:15:34 +0000 2020,1214641748405735424,1,0,False,@timandsid https://t.co/ginJdnICuT
237,allhockey96,Tue Jan 07 20:15:26 +0000 2020,1214641716197810176,0,0,False,@timandsid No not even close. More perfect timing. Barrie was the right guy to do this to. McDavid likely has scored my top 5 but this was just not one of his best.
238,thebause11,Tue Jan 07 20:15:15 +0000 2020,1214641671016574976,0,0,False,@timandsid Oh please stop sucking him off
239,Brantgilson1,Tue Jan 07 20:13:44 +0000 2020,1214641285425963009,0,0,False,@timandsid One of the best
240,FollowGod76,Tue Jan 07 20:11:40 +0000 2020,1214640767836311552,0,0,False,@timandsid No. @MarioLemieuxFdn versus the then Minnesota North Stars in the Finals
241,33Jmcgrath,Tue Jan 07 20:08:52 +0000 2020,1214640063914659840,0,0,False,@timandsid https://t.co/SjpNT24aVH
242,joshyang9,Tue Jan 07 20:08:17 +0000 2020,1214639916627451905,0,0,False,"@timandsid Canucks v Calgary April 10th, 2010: the Ehrhoff slap pass to Henrik Sedin who no look tip passes the puck between his legs right on the stick of Daniel Sedin in the corner, who then drives to the net, goes between the legs too is best team skill goal imo https://t.co/WLJ6VRIio4"
243,edmuntin,Tue Jan 07 20:07:19 +0000 2020,1214639672694960129,0,0,False,@timandsid Just one move and one step to get past defender but speed is the key
244,thecro88,Tue Jan 07 20:07:12 +0000 2020,1214639644698140673,1,0,False,@timandsid https://t.co/PhuSiTwjmI
245,Ghostrider1174,Tue Jan 07 20:07:08 +0000 2020,1214639625387544576,0,0,False,@timandsid yes its nice to watch great goals but all these people saying did you see what mcdavid did to rielly is actually like there living in a box News for those people McDavid has done that many a times to many d man in the league
246,Deceptiquan1,Tue Jan 07 20:07:06 +0000 2020,1214639617120468993,0,0,False,@timandsid this is up there with me along with Lemiuex on Casey &amp; Datsyuk on Turco
247,TRY1974,Tue Jan 07 20:04:28 +0000 2020,1214638956547125248,1,0,False,"@timandsid This one, is the greatest goal of all time.  #DenisSavard v. @EdmontonOilers 

https://t.co/SNKCULCn6t"
248,SugarDoyle,Tue Jan 07 20:03:39 +0000 2020,1214638751378489344,0,0,False,@timandsid Always enjoyed the called shot... https://t.co/I3jAvIovpp
249,will_lylyk,Tue Jan 07 20:03:29 +0000 2020,1214638707082514433,7,0,False,@timandsid This one if not the best is amongst the best https://t.co/09ORbFw2Sl
250,JeffWiggans,Tue Jan 07 20:03:20 +0000 2020,1214638669065334795,0,0,False,@timandsid I am sure Mario has had better
251,Archie43212,Tue Jan 07 20:01:36 +0000 2020,1214638234267013121,0,0,False,@timandsid Nope
252,JRSuperStar4,Tue Jan 07 20:01:13 +0000 2020,1214638135776165888,0,0,False,@timandsid It's not even Mcdavid's best goal
253,WinsAre4Losers,Tue Jan 07 19:59:49 +0000 2020,1214637785975361537,0,0,False,"@timandsid This was less about McDavid's skill and more about his all-time physical tools. I'm not sure there's another player, ever, who could have physically pulled this off at that speed."
254,tim_micallef,Tue Jan 07 19:58:29 +0000 2020,1214637448506028032,140,0,True,@timandsid It's amazing how many people have no idea...that this tweet was simply to create a thread of the greatest goals of all-time!!!  Help folks smile at some of the ridiculousness we've seen.   And maybe even show some kids goals they have never seen...but twitter be twittering.
255,MrClean84,Tue Jan 07 19:56:18 +0000 2020,1214636898347442176,0,0,False,@timandsid Has Morgan Reilly found his jock strap yet?
256,shaun66327257,Tue Jan 07 19:54:13 +0000 2020,1214636374587887617,2,0,False,"@timandsid This one maybe.
https://t.co/uUXTZPdgzL"
257,EliArlidge,Tue Jan 07 19:53:49 +0000 2020,1214636277179416576,0,0,False,@timandsid Mario in the playoffs schooling Minnesota North Stars üá®üá¶üèíüëåüëç
258,TimDWalkOS,Tue Jan 07 19:51:58 +0000 2020,1214635808084221952,1,0,False,@timandsid Goal of the year took 6 days
259,IanMacd47681792,Tue Jan 07 19:51:39 +0000 2020,1214635728983904257,0,0,False,@timandsid Great goal but cmon üôÑ
260,mykhuis,Tue Jan 07 19:50:17 +0000 2020,1214635386561007619,0,0,False,@timandsid https://t.co/PryW3SzMeE
261,J__Bchrd,Tue Jan 07 19:50:07 +0000 2020,1214635343502290945,0,0,False,"@timandsid He beat a good defenceman that has been playing crappy lately, and scored on a mediocre goalie. For that reason it is not the best skill goal I have ever seen."
262,19Morganr,Tue Jan 07 19:50:00 +0000 2020,1214635315366744064,0,0,False,@timandsid Tkachuks against Nashville beats this hands down!
263,Starfest2020,Tue Jan 07 19:48:57 +0000 2020,1214635051729739777,0,0,False,@timandsid Wayne Gretzky 16 at World Juniors https://t.co/SlsXdjJE8N via @YouTube
264,MrVari,Tue Jan 07 19:48:36 +0000 2020,1214634960306540544,3,0,False,"@timandsid No way, more like a real bone head D play. Reily has been out to lunch all year."
265,hockeyguru111,Tue Jan 07 19:47:41 +0000 2020,1214634733612613633,0,0,False,"@timandsid Sour Opposing fans comments in 3....2....1.....

#Mcjesus"
266,TimDWalkOS,Tue Jan 07 19:46:32 +0000 2020,1214634441387044864,1,0,False,@timandsid Drop my answer?? I'm dropping my pants and... . . ...
267,jberd462,Tue Jan 07 19:46:13 +0000 2020,1214634360445509635,0,0,False,"@timandsid I'm not a hater, it was an awesome move and the kid is the best skater the league has ever seen. But when I think ""skill"" I'm thinking more stick handling dangles rather than he can go 0-60 in 2 seconds and no defense can stop that."
268,Y2KJericho,Tue Jan 07 19:45:28 +0000 2020,1214634175413678080,3,0,False,@timandsid https://t.co/QVXMpoLFo7 that‚Äôs the one
269,BrohnSki,Tue Jan 07 19:43:53 +0000 2020,1214633776791375880,0,0,False,@timandsid Svechnikov ALL DAY! √ó2
270,4life_flames,Tue Jan 07 19:43:22 +0000 2020,1214633645245206528,1,0,False,@timandsid Ovi 06
271,RobertJohnScan2,Tue Jan 07 19:42:57 +0000 2020,1214633541805305856,0,0,False,@timandsid Yes hands down
272,IslandNucks,Tue Jan 07 19:41:42 +0000 2020,1214633226796294144,1,0,False,@timandsid https://t.co/3ddyt1YJeG pure magic
273,BarMatthews,Tue Jan 07 19:39:03 +0000 2020,1214632557892882432,0,0,False,@timandsid Connor McDavid has done absolutely nothing in the playoffs.
274,wesvezza,Tue Jan 07 19:38:45 +0000 2020,1214632484023021570,8,1,False,"@timandsid Everyone‚Äôs shared vids are great goals but they all have a little bit of luck involved OR they were a single bang play (Tkachuk‚Äôs). Mcdavid‚Äôs goal was sick, planned out and executed."
275,greg75042482,Tue Jan 07 19:37:28 +0000 2020,1214632161065787392,0,0,False,"@timandsid Bye far one of the most amazing goals,,it had it all
#wheredidhego#hewasjustrightthere#cyarielly"
276,MohawkJimmy,Tue Jan 07 19:36:14 +0000 2020,1214631852037885952,0,0,False,@timandsid Pavel Bure had some of the nicest skilled goals IMO. He was doing things with the puck that no one else was doing at the time. One of the best goal scorers the game has ever seen. #TimandSid https://t.co/8NZnyvpb09
277,stormey10,Tue Jan 07 19:36:09 +0000 2020,1214631828843352065,0,0,False,"@timandsid Jagr against Hawks.  ""There's only three people in the entire arena he didn't deke out and two of them are ushers"" - Bob Cole."
278,francomeni,Tue Jan 07 19:35:00 +0000 2020,1214631540107427841,0,0,False,"@timandsid It was a good goal but I have seen better, bure goal vs Boston when playing with vancouver, from stick to skate to stick to goal one of the best ever scored....and lemieux vs Minnesota northstars...or any if lemieux goals..."
279,JRoc23,Tue Jan 07 19:34:19 +0000 2020,1214631367788703745,0,0,False,"@timandsid Meh, I've seen better ‚Äúskill‚Äù goals from better left handed shots 
https://t.co/iGr4TK2awZ https://t.co/iNAvgfA3RP"
280,mikeyt_83,Tue Jan 07 19:31:33 +0000 2020,1214630671760740352,0,0,False,@timandsid Come on guys. Give me a break. Not even in top 100.
281,ziv_25,Tue Jan 07 19:31:24 +0000 2020,1214630632812355586,0,0,False,"@timandsid https://t.co/FlePooM6YM

On the grandest stage, I like this one better; Mario Lemieux."
282,andrewskinner18,Tue Jan 07 19:30:37 +0000 2020,1214630438465146884,0,0,False,"@timandsid Rick Nash , when he turned that D pair inside out a couple times"
283,SonOfAPerch,Tue Jan 07 19:30:13 +0000 2020,1214630335486418945,0,0,False,@timandsid It was the NHL‚Äôs equivalent of postering someone in the NBA #McDavid
284,marcsudbury4,Tue Jan 07 19:30:03 +0000 2020,1214630295401574403,0,0,False,"@timandsid Ric Nash many years ago.. A couple times.
Mario Lemieux many times.
Steve Yzerman back in the day.

Stop saying every great play you see this week is the best of all time. It was an amazing goal  that's all. One of many this year. #timandsid"
285,teamwilburroge1,Tue Jan 07 19:27:38 +0000 2020,1214629684312526848,0,0,False,"@timandsid It‚Äôs a beauty for sure, but countless goals have beat multiple players on a rush going end to end...MARIO, GRETZKY, SAVARD, BOURQUE COFFEE to name a few!!!!"
286,jimpagiamtzis,Tue Jan 07 19:24:29 +0000 2020,1214628891194789889,0,0,False,@timandsid Such an unbelievable show of talent!
287,BarMatthews,Tue Jan 07 19:23:37 +0000 2020,1214628673652842497,0,0,False,"@timandsid What? Not even close!! Are you kidding me? Pavel Bure, Mario Lemieux, Wayne Gretzky, Mike Bossy, and on and on. Had much better"
288,Jmac231012,Tue Jan 07 19:21:30 +0000 2020,1214628141697769480,1,0,False,"@timandsid I am a Homer, but:  https://t.co/VI4uia4uAa  üòçüòç"
289,TrevorkBoyd4,Tue Jan 07 19:21:07 +0000 2020,1214628047665684482,0,0,False,@timandsid Absolutely he made the goal after he got by the defense look easy
290,TreyPaulhus,Tue Jan 07 19:21:02 +0000 2020,1214628024726851585,0,0,False,@timandsid Yes
291,MattRalston6,Tue Jan 07 19:21:02 +0000 2020,1214628024060170241,1,0,False,@timandsid Pretty damn close....vs a highly skilled D man too.
292,MikeCywink,Tue Jan 07 19:20:48 +0000 2020,1214627964207468544,0,0,False,@timandsid There‚Äôs about 10 Datsyuk goals easily better than this one. #TheMagicMan
293,rick3428,Tue Jan 07 19:20:39 +0000 2020,1214627927381417984,0,0,False,@timandsid Spezza OT goal beats Souray and scores on Theodore was pretty good.
294,phillipsjames99,Tue Jan 07 19:20:38 +0000 2020,1214627925342994433,0,0,False,@timandsid It was awesome! Have you ever watched 1 hour of Bobby Orr highlights?
295,schor72,Tue Jan 07 19:20:07 +0000 2020,1214627795210514432,1,0,False,"@timandsid No, stupid question."
296,Jmart2233,Tue Jan 07 19:19:52 +0000 2020,1214627731339710469,0,0,False,"@timandsid For me it‚Äôs this one hands down! üëáüèºüëáüèº

https://t.co/ltG1QcNudT"
297,SteveGF24,Tue Jan 07 19:19:09 +0000 2020,1214627550883962882,2,0,False,@timandsid Denise Savard. https://t.co/t7g0cTubyQ
298,brancoh_farms,Tue Jan 07 19:18:31 +0000 2020,1214627390636216320,0,0,False,@timandsid Had time to go lacrosse style back hand side shelf around goalies glove once he got around Morgan Riley so NO!
299,SurferJoeAB,Tue Jan 07 19:17:35 +0000 2020,1214627157437079552,0,0,False,@timandsid Absolutely best ever!
300,PrestigeWW_SB,Tue Jan 07 19:17:16 +0000 2020,1214627076650807299,0,0,False,@timandsid Mario Lemieux end to end vs the North Stars in the Stanley Cup Final.  Hands down greatest goal ever.
301,fablexus,Tue Jan 07 19:16:39 +0000 2020,1214626921599782912,4,0,False,@timandsid This one always gives me feels https://t.co/2rzJ5Sx613
302,CaptainSpazma,Tue Jan 07 19:16:25 +0000 2020,1214626862267322370,1,0,False,@timandsid If there is one better I'm sure it was scored by this fella. üòÅüòÅ https://t.co/tj0tCGibnu
303,isles191,Tue Jan 07 19:15:25 +0000 2020,1214626613352161280,0,0,False,@timandsid No. Jager has beauties
304,Element8399,Tue Jan 07 19:15:25 +0000 2020,1214626610822955008,0,0,False,@timandsid Great but not the best I‚Äôve ever seen. Watch a few rockem sockems and you‚Äôll find a lot
305,Parmcat,Tue Jan 07 19:14:42 +0000 2020,1214626429402521602,1,0,False,"@timandsid This Jagr goal has stuck with me

https://t.co/swl7ZHmZgw"
306,KWoronuk99,Tue Jan 07 19:14:30 +0000 2020,1214626380240936960,2,0,False,"@timandsid No, Mario going through Ray Bourque and Any Moog in 1992 is better."
307,Chris72221748,Tue Jan 07 19:13:10 +0000 2020,1214626044449214465,0,0,False,@timandsid https://t.co/7wk9WfVTdi this one wins...hands down
308,Shachbabe,Tue Jan 07 19:12:28 +0000 2020,1214625869169336320,0,0,False,@timandsid Peter Mahovlich. 1972. Toronto. You know what I mean!
309,DarkMaatta,Tue Jan 07 19:12:24 +0000 2020,1214625854199754752,8,0,False,"@timandsid Tkachuks between the legs from the high slot, top shelf on the Preds. #Flames"
310,philistweeting,Tue Jan 07 19:10:14 +0000 2020,1214625306356699140,0,0,False,@timandsid Recency bias
311,jonointo,Tue Jan 07 19:09:58 +0000 2020,1214625240447356928,0,0,False,@timandsid Morgan McReilly!  ü§¶‚Äç‚ôÇÔ∏è
312,krowbush_bush,Tue Jan 07 19:08:30 +0000 2020,1214624872489316353,0,0,False,@timandsid Aaahhh NO...!!!!! Johnny is much better at the moves
313,Jarod86011706,Tue Jan 07 19:08:19 +0000 2020,1214624826322604032,3,0,False,@timandsid Tkachuk..through legs..overtime.this year
314,tmofuckenG,Tue Jan 07 19:06:51 +0000 2020,1214624456821231617,0,0,False,"@timandsid Between that, and the one he scored against columbus"
315,rickgen16,Tue Jan 07 19:06:21 +0000 2020,1214624330237263872,0,0,False,@timandsid Ever????...really... it was a nice goal but come on now
316,okfunnyguy,Tue Jan 07 19:06:15 +0000 2020,1214624306182836224,0,0,False,@timandsid Never seen a guy deke a defence man &amp; goalie before eh guys üëª
317,AndyEdw24,Tue Jan 07 19:04:40 +0000 2020,1214623904548835333,3,0,False,@timandsid It‚Äôs the only goal that‚Äôs ever been scored that nobody else in the world could have done
318,Backwards_asian,Tue Jan 07 19:04:14 +0000 2020,1214623798634221568,5,0,False,@timandsid that is recency bias because i can recall about 10 goals at least that were more skillfull. the goal was fantastic but lets not act like datsyuk‚Äôs goal against dallas or mario splitting the 2 defencemen were not better. this isn‚Äôt even mcdavid‚Äôs most skillfull goal.
319,ChrisJC77,Tue Jan 07 19:03:42 +0000 2020,1214623661279322112,4,1,False,"@timandsid haha no. It was great, but not even the most skilled goal against the Leafs. May I present the GOAT, pay particular attention to #7 vs Toronto https://t.co/RUCNV6xHCx"
320,shawnlocke1,Tue Jan 07 19:03:05 +0000 2020,1214623509269364736,0,0,False,@timandsid ummmmm NO
321,masher3ht,Tue Jan 07 19:02:54 +0000 2020,1214623461844406272,0,0,False,@timandsid No
322,berts_prospects,Tue Jan 07 19:00:26 +0000 2020,1214622841955667968,0,0,False,@timandsid The one where stamkos was falling down and batted it in out of mid air against the Ducks still blows my mind. Little bit lucky tho
323,RysieSomers,Tue Jan 07 19:00:17 +0000 2020,1214622805049925633,4,0,False,@timandsid The Pavel Bure breakaway stick to skate back to stick and in goal was a #Dandy
324,RPlanamente,Tue Jan 07 18:59:33 +0000 2020,1214622617853997056,35,1,False,@timandsid The Rick Nash goal... not sure who against but he took the defenders jock strap then gave it back to him then scored.
325,KrownCity,Tue Jan 07 18:59:14 +0000 2020,1214622537856045058,19,0,False,@timandsid Mario vs the North Stars in the 1991 final https://t.co/VBwwiHfcDD
326,dlfeltham,Tue Jan 07 18:58:56 +0000 2020,1214622464875155464,1,0,False,@timandsid Mario Lemieux v. Ray Bourque  - Also Mario Lemieux against the Devils in late 1980s
327,RBeaton22,Tue Jan 07 18:58:39 +0000 2020,1214622390455590912,0,0,False,@timandsid Afinogenov against Tampa
328,Dono824,Tue Jan 07 18:58:05 +0000 2020,1214622248234958848,2,0,False,"@timandsid This goal by Rick Nash vs the Coyotes was pretty filthy 

https://t.co/PcF2GGtatB"
329,Bradk789,Tue Jan 07 18:57:44 +0000 2020,1214622161047932928,26,0,False,@timandsid Jordan eberles 1st career goal was pretty good too
330,Hortiez,Tue Jan 07 18:57:13 +0000 2020,1214622031766904832,1,0,False,@timandsid Done think anyone ever was able to show such extreme acceleration like that before. From 1st to 4th gear in...  immediately
331,RMarsonet,Tue Jan 07 18:56:32 +0000 2020,1214621857464274944,1,0,False,"@timandsid ovechkin's crazy goal years back was better, but this was still absolutely sensational.. Reilly will be on video highlights for years to come"
332,RBeaton22,Tue Jan 07 18:55:10 +0000 2020,1214621515553157123,0,0,False,@timandsid Datsyuk against Dallas on 11/7/13
333,mop9797,Tue Jan 07 18:54:29 +0000 2020,1214621343955611649,1,0,False,@timandsid yes
334,FifieldConrad,Tue Jan 07 18:54:20 +0000 2020,1214621306978807809,0,0,False,@timandsid Not even close
335,TBAOsborne,Tue Jan 07 18:54:10 +0000 2020,1214621264775700481,1,0,False,@timandsid Sick goal but not even top 10 for this year let alone of all time. You guys get a minus for even asking such a question.
336,RelaxTwitt3r,Tue Jan 07 18:53:48 +0000 2020,1214621171766960129,1,0,False,@timandsid I‚Äôve seen variations of this goal a hundred times. This gets a no from me. Although bonus points for it being against the putrid leafs. üòÅ
337,booscott10,Tue Jan 07 18:53:18 +0000 2020,1214621046155952128,3,0,False,@timandsid @LauraStacey7 winning goal in O/T to win the Markham Thunder there first Clarkson cup https://t.co/MrwRPyTsSL
338,Digger284,Tue Jan 07 18:51:59 +0000 2020,1214620714898280449,0,0,False,@timandsid Nope doesn‚Äôt come close to several others
339,bradgrierson,Tue Jan 07 18:50:53 +0000 2020,1214620437595901952,23,0,False,@timandsid https://t.co/2LjIYQebG8
340,skyisnotdlimit,Tue Jan 07 18:50:46 +0000 2020,1214620409129316352,0,0,False,@timandsid No!
341,swonder77,Tue Jan 07 18:50:44 +0000 2020,1214620398114889728,0,0,False,@timandsid Lots of Gretzky‚Äôs and Orr‚Äôs.
342,Heibein09,Tue Jan 07 18:49:55 +0000 2020,1214620192917086209,23,0,False,@timandsid Um... Mario Lemieux splitting the D and putting one past John Casey...
343,theotherjsmith,Tue Jan 07 18:49:54 +0000 2020,1214620188051738624,43,2,False,"@timandsid This one rings a bell..,
https://t.co/mMF1KqvUZY"
344,L34fsFan,Tue Jan 07 18:49:39 +0000 2020,1214620126907158529,0,0,False,@timandsid Well the reason why he paused for a second before the play was to enter his Superman cheat code.
345,Rodwings1,Tue Jan 07 18:49:30 +0000 2020,1214620088722214912,0,0,False,@timandsid Yes...say no more!
346,phillyg_85,Tue Jan 07 18:49:29 +0000 2020,1214620084330647553,51,1,False,@timandsid This one wash pretty good ... the one Ovechkin scored in Phoenix was a doozy as well. We don‚Äôt get to see these kinds of goals very often. It‚Äôs a good one until we see the next one and then the one after that. Lots of great goals over the years. https://t.co/eC1PQjnnNf
347,Arbucks,Tue Jan 07 18:49:27 +0000 2020,1214620074906181637,1,0,False,"@timandsid This is real close from 2 months ago. Guy is insane 

https://t.co/RTCawCZSkn"
348,TorontoSports20,Tue Jan 07 18:49:24 +0000 2020,1214620062344187904,0,0,False,@timandsid No
349,AChalloner,Tue Jan 07 18:49:14 +0000 2020,1214620023454601216,1,0,False,"@timandsid This was unreal...can't think of one off the top of my head that was better skill wise. Been plenty of beauties, but not like this.. (Jets fan). I hope people in Toronto stood and applauded this goal lastnight."
350,waynerwalsh,Tue Jan 07 18:49:00 +0000 2020,1214619962393997312,1,0,False,@timandsid @PetiePicco Joe Traverse top shelf
351,Bigdough1011,Tue Jan 07 18:48:30 +0000 2020,1214619836224950272,0,0,False,"@timandsid Maybe, if it wasn't against the Leafs."
352,doornumero3,Tue Jan 07 18:47:51 +0000 2020,1214619673981001728,1,0,False,@timandsid Super Mario... fuggedabboutit
353,rynicjacOD,Tue Jan 07 18:46:38 +0000 2020,1214619367511642119,0,0,False,@timandsid 100%
